target,mean_actual,mean_predicted,mean_bias_pred_minus_actual,mean_abs_log_error,median_abs_error,p90_abs_error
at_least_one,0.06533432835820896,0.06770541791044776,0.002371089552238803,0.14108254958878416,0.004134000000000002,0.017309999999999992
at_least_two,0.02576318407960199,0.026344830845771144,0.0005816467661691541,0.08196294205088366,0.000425,0.009055000000000007
at_least_three,0.013785572139303483,0.013439746268656716,-0.0003458258706467675,0.050427474114507084,0.0,0.004941000000000001
